,,1980,1981,1982,1983,1984,1985,1986,1987,1988,1989,1990,1991,1992,1993,1994,1995,1996,1997,1998,1999,2000,2001,2002,2003,2004,2005,2006,2007,2008,2009,2010,2011,2012,2013,2014,2015,2016,2017
Afghanistan,Billion Kwh,0.711,0.721,0.707,0.746,0.757,0.77,0.713,0.756,0.744,0.75,0.756,0.683,0.473,0.47,0.467,0.412,0.361,0.322,0.3,0.3,0.312,0.498,0.555,0.63,0.565,0.59,0.637,0.748,0.54201,0.7761,0.7511,0.5951,0.71,0.804,0.895,0.89,0,0
Albania,Billion Kwh,2.919,3.018,3.093,3.167,3.241,3.315,3.365,3.979,3.713,3.846,2.82,3.483,3.187,3.281,3.733,4.162,5.669,4.978,4.872,5.231,4.548,3.519,3.477,5.117,5.411,5.319,4.951,2.76,3.759,5.201,7.673,4.036,4.725,6.959,4.726,5.866,0,0
Algeria,Billion Kwh,0.248,0.362,0.474,0.233,0.516,0.639,0.247,0.491,0.181,0.263,0.134,0.29,0.197,0.349,0.164,0.191,0.134,0.074,0.213,0.201,0.053,0.068,0.056,0.262,0.248,0.549,0.216,0.224,0.28,0.303,0.172,0.497,0.616,0.327,0.252,0.223,0,0
American Samoa,Billion Kwh,0,0,0,0,0,0,0,0,0,0,0,0,0,0,0,0,0,0,0,0,0,0,0,0,0,0,0,0,0,0,0,0,0,0,0,0,0,0
Angola,Billion Kwh,0.53,0.53,0.6,0.6,0.6,0.6,0.66,0.66,0.66,0.667,0.718,0.715,0.832,0.881,0.886,0.891,0.916,0.866,1.049,0.885,0.903,1.007,1.132,1.229,1.733,2.197,2.638,2.472,3.103,3.063,3.666,3.967,3.734,4.719,4.991,5.14,0,0
Antarctica,Billion Kwh,0,0,0,0,0,0,0,0,0,0,0,0,0,0,0,0,0,0,0,0,0,0,0,0,0,0.002,0.002,0.002,0.002,0.004,0.004,0.004,0.0005,0.0005,0.0005,0.001,0,0
Antigua and Barbuda,Billion Kwh,0,0,0,0,0,0,0,0,0,0,0,0,0,0,0,0,0,0,0,0,0,0,0,0,0,0,0,0,0,0,0,0,0,0,0,0,0,0
Argentina,Billion Kwh,17.413,16.482,18.887,18.507,20.556,20.54,20.899,21.723,14.983,12.935,17.797,16.159,19.29,23.728,27.207,26.684,23.043,28.2,26.674,21.753,29.201,37.322,36.435,34.553,31.40807,35.03908,40.44109,32.8841,31.7311,34.9291,35.4711,33.403,31.744,35.388,34.824,36.42,0,0
Armenia,Billion Kwh,0,0,0,0,0,0,0,0,0,0,0,0,3.013,4.249,3.479,1.9,1.556,1.376,1.522,1.188,1.248,0.958,1.641,1.962,1.978,1.756,1.808,1.836975,1.78103,2.003,2.537,2.467,2.303,2.155,1.976,2.188,0,0
Aruba,Billion Kwh,0,0,0,0,0,0,0,0,0,0,0,0,0,0,0,0,0,0,0,0,0,0,0,0,0,0,0,0,0,0.03,0.106,0.113,0.135,0.151,0.159,0.173,0,0
Australia,Billion Kwh,13.214,14.335,13.961,12.411,12.375,13.929,14.772,13.863,14.11,15.111,14.756,16.433,15.8744,17.164,16.879,16.469,16.575,17.733,16.702,17.701,17.422,18.001,17.712,18.509,18.52,19.95,21.481,20.866,19.606,18.465,21.756,26.473,26.599,33.11,37.007,34.405,0,0
Austria,Billion Kwh,28.801,30.308,30.393,30.077,29.184,31.188,31.396,26.301,36.151,35.741,32.359,32.367,35.856,37.74,36.596,38.605,35.683,37.61,38.755,42.107,43.144,42.048,41.716,35.212,39.682,40.543,41.032,43.392,44.775,47.39,43.884,39.755,50.035,48.7734,48.6464,45.5534,0,0
Azerbaijan,Billion Kwh,0,0,0,0,0,0,0,0,0,0,0,0,1.73,2.376,1.811,1.54,1.523,1.695,1.931,1.491,1.519,1.288,2,2.444,2.727,2.979,2.493,2.34,2.21,2.285,3.413,2.649,1.803,1.61,1.466,1.813,0,0
"Bahamas, The",Billion Kwh,0,0,0,0,0,0,0,0,0,0,0,0,0,0,0,0,0,0,0,0,0,0,0,0,0,0,0,0,0,0,0,0,0,0,0,0,0,0
Bahrain,Billion Kwh,0,0,0,0,0,0,0,0,0,0,0,0,0,0,0,0,0,0,0,0,0,0,0,0,0,0,0,0,0.001,0.002,0.002,0.0025,0.001,0.001,0.001,0.001,0,0
Bangladesh,Billion Kwh,0.625,0.523,0.662,0.662,0.897,0.739,0.45,0.512,0.668,0.911,0.875,0.83,0.788,0.602,0.839,0.604,0.732,0.71202,0.85605,0.8251,0.9375,0.984,1.057,1.118,1.218,1.2855,1.387,0.764,0.963,0.445,0.797,0.9268,0.77,1.029,0.731,0.714,0,0
Barbados,Billion Kwh,0,0,0,0,0,0,0,0,0,0,0,0,0,0,0,0,0,0,0,0,0,0,0,0,0,0,0,0,0,0,0,0,0,0,0,0,0,0
Belarus,Billion Kwh,0,0,0,0,0,0,0,0,0,0,0,0,0.017,0.019,0.019,0.02,0.016,0.021,0.028,0.019,0.027,0.03,0.028,0.028,0.034,0.066,0.129,0.124,0.073,0.105,0.139,0.148,0.202,0.298,0.287,0.326,0,0
Belgium,Billion Kwh,0.574,0.677,0.525,0.531,0.548,0.582,0.839,0.925,0.954,0.9,0.993,1.041,1.216,1.134,1.234,1.386,1.294,1.20895,1.40011,1.552,1.807,2.057,2.075,1.956,2.404,2.763,3.828,4.523,5.478,6.749,7.833,9.441,11.697,12.766,13.378,15.612,0,0
Belize,Billion Kwh,0,0,0,0,0,0,0,0,0,0,0.04,0.04,0.04,0.04,0.04,0.08,0.1,0.108,0.1052,0.1152,0.13323,0.131604,0.128473,0.101384,0.103445,0.108805,0.217963,0.217633,0.204679,0.18823,0.26323,0.24523,0.209,0.259,0.256,0.236,0,0
Benin,Billion Kwh,0,0,0,0,0,0,0,0,0,0,0,0,0,0,0,0,0.0017,0.0017,0.0017,0.0017,0.002,0.002,0.002,0.002,0.001,0.001,0.005,0.004,0.004,0.002,0.002,0.002,0.002,0.003,0.003,0.008,0,0
Bermuda,Billion Kwh,0,0,0,0,0,0,0,0,0,0,0,0,0,0,0,0,0,0,0,0,0,0,0,0,0,0,0,0,0,0,0,0,0,0,0,0,0,0
Bhutan,Billion Kwh,0.006,0.007,0.008,0.008,0.008,0.008,0.3,1.168,1.529,1.529,1.541,1.557,1.604,1.604,1.658,1.715,1.852,1.82,1.783,1.782,1.792,1.921,2.178,2.502,2.329,2.62,4.474,6.494,6.891,6.928,7.255,6.975,6.745,7.531,7.15,7.731,0,0
Bolivia,Billion Kwh,1.069,1.143,1.192,1.157,1.176,1.148,1.128,1.117,1.248,1.24,1.272,1.408,1.378,1.404,1.381,1.315,1.492,1.605,1.548,1.827,2.007,2.162,2.235,2.021,2.183,2.001,2.195281,2.358107,2.384,2.394,2.279,2.446,2.451,2.57,2.429,2.652,0,0
Bosnia and Herzegovina,Billion Kwh,0,0,0,0,0,0,0,0,0,0,0,0,3.374,2.343,3.424,3.607,5.104,4.608,4.511,5.477,5.043,5.129,5.215,4.456,5.919,5.938,5.798,3.961,4.818,6.177,7.946,4.343,4.173,7.165,5.877,5.496,0,0
Botswana,Billion Kwh,0,0,0,0,0,0,0,0,0,0,0,0,0,0,0,0,0,0,0,0,0,0,0,0,0,0,0,0,0,0,0,0,0,0.001,0.001,0.001,0,0
Brazil,Billion Kwh,130.336,131.395,142.052,153.089,167.948,179.607,183.9,187.344,200.502,205.943,208.5,219.604,226.009,237.668,245.666,256.96,269.865,283.5651,296.06441,298.4381,309.2051,274.2121,293.5111,314.5151,330.1261,347.7662,360.2772,388.9452,386.5152,410.9182,432.929,458.991,451.483,434.06,427.929,426.638,0,0
Brunei,Billion Kwh,0,0,0,0,0,0,0,0,0,0,0,0,0,0,0,0,0,0,0,0,0,0,0,0,0,0,0,0,0,0,0,0,0.002,0.002,0.002,0.002,0,0
Bulgaria,Billion Kwh,3.674,3.58,3.018,3.318,3.226,2.214,2.302,2.512,2.569,2.662,1.859,2.417,2.042,1.923,1.453,2.291,2.89,2.726,3.068,2.754,2.661,1.72,2.183,3.005,3.156,4.316,4.223,2.898,2.934,3.683,5.737,3.904,5.291,6.879,7.339,8.706,0,0
Burkina Faso,Billion Kwh,0,0,0,0,0,0,0,0,0,0,0.009,0.013,0.02,0.047,0.072,0.094,0.114,0.115,0.078,0.123,0.097,0.053,0.064,0.096,0.100444,0.099468,0.079861,0.110303,0.134573,0.130974,0.116,0.081,0.097,0.106,0.09,0.093,0,0
Burma (Myanmar),Billion Kwh,0.788,0.851,0.917,0.983,1,0.993,1.031,1.013,0.926,1.133,1.181,1.228,1.503,1.688,1.598,1.608,1.634,1.669,0.94,1.028,1.873,1.804,2.21,2.228,2.384,2.967,3.292,3.583,4.03,5.203,5.054,7.443,7.688,8.735,8.741,9.305,0,0
Burundi,Billion Kwh,0.002,0.002,0.002,0.023,0.039,0.046,0.061,0.094,0.103,0.102,0.107,0.11,0.104,0.108,0.114,0.117,0.117,0.12,0.109,0.097,0.098,0.114,0.126,0.1,0.09,0.095,0.092,0.116,0.111,0.12,0.141,0.128,0.139,0.138,0.14,0.2,0,0
Cambodia,Billion Kwh,0.049,0.053,0.055,0.04,0.03,0.035,0.04,0.045,0.05,0.054,0.062,0.064,0.067,0.069,0.071,0.073,0.077,0.057,0.05,0.044,0.047,0.031,0.03,0.049,0.042,0.059,0.065,0.065,0.062,0.058,0.055,0.074,0.535,1.02,1.853,2.021,0,0
Cameroon,Billion Kwh,1.35,1.79,2.028,2.003,2.106,2.295,2.297,2.301,2.489,2.602,2.609,2.642,2.624,2.626,2.661,2.725,2.839,3.061,3.085,3.301,3.408,3.439,3.15,3.493,3.881,3.734,4.496,3.885,4.267,4.047,4.276,4.414,3.526,4.11,4.588,5.093,0,0
Canada,Billion Kwh,252.198,264.937,257.185,265.363,285.572,302.399,309.353,315.39,305.762,290.942,297.858,309.297,317.768,325.274,332.295,338.318,358.049,354.19,336.002,350.609,363.46,338.984,356.558,344.009,347.244,369.001,360.592,375.444,384.657,379.545,367.256,392.924,398.753,417.1,415.736,418.679,0,0
Cape Verde,Billion Kwh,0,0,0,0,0,0,0,0,0,0,0,0,0,0.002,0.005,0.006,0.007,0.007,0.008,0.008,0.008,0.006,0.006,0.005,0.006,0.006,0.007,0.007,0.006,0.007,0.002,0.016,0.06,0.1,0.149,0.142,0,0
Cayman Islands,Billion Kwh,0,0,0,0,0,0,0,0,0,0,0,0,0,0,0,0,0,0,0,0,0,0,0,0,0,0,0,0,0,0,0,0,0,0,0,0,0,0
Central African Republic,Billion Kwh,0.066,0.065,0.068,0.064,0.069,0.06,0.076,0.073,0.074,0.074,0.076,0.075,0.077,0.077,0.079,0.08,0.081,0.083,0.081,0.081,0.083,0.082,0.082,0.083,0.124,0.133,0.139,0.136,0.136,0.135,0.134,0.146,0.149,0.154,0.156,0.15,0,0
Chad,Billion Kwh,0,0,0,0,0,0,0,0,0,0,0,0,0,0,0,0,0,0,0,0,0,0,0,0,0,0,0,0,0,0,0,0,0,0,0,0,0,0
Chile,Billion Kwh,7.443,7.688,8.559,9.133,9.532,10.558,11.606,12.326,11.654,9.807,12.815,14.03,18.311,18.772,18.594,21.495,20.318,20.497,16.957,14.451,20.494,22.868,23.993,23.271,23.797,28.015,30.276,25.604,27.072,29.396,24.22,25.948,25.24,26,30.062,32.368,0,0
China,Billion Kwh,57.618,64.845,73.656,85.536,85.932,91.476,93.555,99.198,108.009,117.216,125.14,123.86,130.202,149.219,165.74,187.87,186.575,195.447,205.005,213.716,223.246,277.869,288.437,284.368,353.823,397.67,437.902,488.729,609.146,657.629,783.616,792.5,997.602,1106.628,1283.425,1398.207,0,0
Colombia,Billion Kwh,14.499,14.513,18.33,18.299,20.522,21.854,25.399,21.587,24.813,26.884,27.522,27.479,22.557,28.113,32.416,32.315,35.632,31.852,31.006,33.861,32.249,31.976,34.119,36.307,40.195,39.957,42.908,44.582,46.53,41.239,42.453,50.428,49.114,50.907,51.414,46.649,0,0
Comoros,Billion Kwh,0.002,0.002,0.002,0.002,0.002,0.002,0.002,0.002,0.002,0.002,0.002,0.002,0.002,0.002,0.002,0.002,0.002,0.002,0.002,0.002,0.002,0.002,0.003,0.004,0.005,0.005,0.005,0.005,0.005,0.005,0.005,0.005,0.003,0.002,0.002,0.002,0,0
Congo (Brazzaville),Billion Kwh,0.099,0.102,0.174,0.229,0.248,0.288,0.265,0.275,0.286,0.393,0.485,0.474,0.421,0.355,0.319,0.348,0.451,0.446,0.339,0.25,0.292,0.331,0.392,0.339,0.327,0.351,0.368,0.332,0.371,0.327,0.426,0.783,0.977,0.961,0.942,0.916,0,0
Congo (Kinshasa),Billion Kwh,4.199,4.126,4.08,4.432,4.646,4.975,5.204,5.187,5.196,5.836,5.569,5.206,5.993,5.473,5.241,6.097,6.03,4.974,4.662,5.247,5.939,5.914,6.049,6.098,7.007,7.319,7.445,7.742,7.408,7.722,7.741,7.733,7.527,8.167,8.741,8.837,0,0
Cook Islands,Billion Kwh,0,0,0,0,0,0,0,0,0,0,0,0,0.0001,0.0001,0.0001,0.0001,0.0001,0.0001,0.0001,0.0001,0.0001,0.0001,0.0001,0.0001,0.00013,0.00013,0.00013,0.00013,0.00013,0.00013,0.00013,0.00013,0,0,0,0,0,0
Costa Rica,Billion Kwh,2.088,2.251,2.352,2.795,2.969,2.739,2.856,2.964,3.01,3.287,3.348,3.629,4.02,4.388,4.375,4.003,4.311,5.396,4.903,5.993,6.793,6.784,7.304,7.138,7.901,7.902,8.084,8.251,8.724,8.788,8.87,8.894,9.273,8.97,9.107,10.623,0,0
Cote dIvoire (IvoryCoast),Billion Kwh,1.345,1.726,1.731,1.067,0.369,1.344,1.179,1.216,1.227,1.25,1.309,1.242,1.038,1.087,1.162,1.766,1.764,1.86,1.363,1.736,1.746,1.782,1.712,1.814,1.838,1.533,1.607,1.894,1.997,2.182,1.671,1.82,1.837,1.658,1.964,1.443,0,0
Croatia,Billion Kwh,0,0,0,0,0,0,0,0,0,0,0,0,4.304,4.32,4.887,5.217,7.166,5.236,5.408,6.526,5.795,6.483,5.311,4.827,6.894,6.294,5.97,4.237,5.225,6.742,9.207,5.238,5.214,9.191,9.847,7.453,0,0
Cuba,Billion Kwh,0.996,0.959,1.043,1.062,1.069,1.053,1.158,1.144,1.272,1.281,1.552,1.368,1.417,0.968,0.946,0.763,1.016,0.999,0.875,0.9831,1.0331,1.0051,1.0451,0.8481,0.876824,0.4881,0.4996,0.538286,0.711,0.7044,0.5626,0.575,0.686,0.835,0.78,0.801,0,0
Cyprus,Billion Kwh,0,0,0,0,0,0,0,0,0,0,0,0,0,0,0,0,0,0,0,0,0,0,0,0,0,0.001,0.001,0.003,0.015,0.031,0.067,0.176,0.255,0.329,0.311,0.396,0,0
Czech Republic,Billion Kwh,0,0,0,0,0,0,0,0,0,0,0,0,0,1.64185,1.86585,2.40585,2.337,2.21001,1.98,2.496,2.4634,2.746,3.158,1.87,2.729,3.115,3.502,3.397,3.711,4.63,5.91,7.285,8.083,9.317,9.212,9.454,0,0
Denmark,Billion Kwh,0.03,0.031,0.028,0.036,0.028,0.027,0.129,0.229,0.332,0.427,0.867,1.122,1.466,1.791,1.974,2.12,2.421,3.313,4.31673,4.862,6.128,6.438,7.412,8.746,10.173,10.628,10.025,11.1,10.951,10.855,13.176,14.959,15.567,16.683,18.715,19.713,0,0
Djibouti,Billion Kwh,0,0,0,0,0,0,0,0,0,0,0,0,0,0,0,0,0,0,0,0,0,0,0,0,0,0,0,0,0,0,0,0,0,0,0,0,0,0
Dominica,Billion Kwh,0.009,0.01,0.009,0.015,0.016,0.014,0.013,0.014,0.016,0.016,0.016,0.016,0.016,0.016,0.017,0.019,0.019,0.02,0.027,0.032,0.032,0.027,0.03,0.029,0.034,0.027,0.027,0.021,0.02,0.0235,0.0235,0.0355,0.027,0.037,0.031,0.024,0,0
Dominican Republic,Billion Kwh,0.572,0.809,0.749,0.772,0.609,1.025,0.891,0.94,0.842,0.592,0.417,0.578,0.555,1.153,0.573,0.639,0.894,0.706,0.758,1.125,0.792,0.734,0.91,1.238,1.67,1.913,1.779,1.739,1.413,1.4925,1.4575,1.587,2.047,2.595,2.095,1.906,0,0
Ecuador,Billion Kwh,0.878,0.783,0.89,1.712,3.163,3.761,4.27,4.486,4.741,4.867,4.937,5.025,4.924,5.752,6.499,5.109,6.281,6.469,6.441,7.105,7.533,7,7.45,7.108617,7.337582,6.86404,7.73704,9.89704,11.39204,9.35004,8.78904,11.30304,12.414,11.289,11.842,13.513,0,0
Egypt,Billion Kwh,9.699,10.109,10.365,10.094,9.9,8.019,7.92,8.168,7.821,7.92,9.8751,8.5451,8.4551,10.3821,10.6401,11.3092,11.4492,11.8772,12.1102,15.1582,13.6972,15.2002,12.9342,13.2572,13.0412,13.0702,13.4122,16.1862,15.4662,13.8672,14.622,14.548,14.487,14.79,15.371,14.896,0,0
El Salvador,Billion Kwh,1.567,1.555,1.692,1.412,1.738,1.591,1.549,1.548,1.71,1.837,1.866,1.278,1.393,1.551,1.601,1.905,2.314,1.922,2.024,2.37,1.969,2.137,2.143,2.518,2.446,2.804,3.24,3.261,3.726,3.256,3.887,3.823,3.752,3.786,3.71,3.459,0,0
Equatorial Guinea,Billion Kwh,0.002,0.002,0.002,0.002,0.002,0.002,0.002,0.002,0.002,0.002,0.002,0.002,0.002,0.002,0.002,0.002,0.002,0.003,0.003,0.003,0.002,0.002,0.005,0.007,0.007,0.007,0.007,0.007,0.007,0.007,0.039,0.039,0.195,0.195,0.195,0.195,0,0
Eritrea,Billion Kwh,0,0,0,0,0,0,0,0,0,0,0,0,0,0,0,0,0,0.001,0.001,0.001,0.001,0.001,0.001,0.001,0.001,0.001,0.002,0.002,0.002,0.002,0.004,0.004,0.004,0.004,0.004,0.004,0,0
Estonia,Billion Kwh,0,0,0,0,0,0,0,0,0,0,0,0,0.001,0.001,0.003,0.008,0.007,0.011,0.017,0.017,0.019,0.019,0.03,0.049,0.06,0.111,0.13,0.145,0.197,0.541,1.044,1.179,1.477,1.28,1.462,1.63,0,0
Ethiopia,Billion Kwh,0.473,0.502,0.574,0.623,0.683,0.747,0.821,0.886,0.956,0.994,1.088,1.097,1.127,1.251,1.34,1.414,1.495,1.55,1.589,1.609,1.635,1.9721,2.003,2.257,2.496,2.805,3.226,3.351,3.2771,3.5133,4.9003,6.2373,7.5061,8.6111,9.4231,10.3371,0,0
Falkland Islands (Islas Malvinas),Billion Kwh,0,0,0,0,0,0,0,0,0,0,0,0,0,0,0,0,0,0,0,0,0.0002,0.0002,0.0002,0.00025,0.00025,0.00025,0.0003,0.0003,0.002,0.002,0.005,0.006,0.007,0.007,0.007,0.009,0,0
Faroe Islands,Billion Kwh,0.049,0.049,0.049,0.049,0.049,0.049,0.049,0.049,0.062,0.071,0.074,0.074,0.083,0.073423,0.075605,0.07557,0.070144,0.075616,0.077047,0.070015,0.075785,0.075699,0.096088,0.087823,0.100952,0.108318,0.114912,0.119166,0.10789,0.106487,0.08076,0.107,0.11,0.111,0.156,0.189,0,0
Fiji,Billion Kwh,0,0,0,0.049,0.284,0.29,0.329,0.346,0.327,0.327,0.401,0.401,0.406,0.406,0.426,0.445,0.446,0.45002,0.438022,0.46995,0.4341,0.4831,0.4701,0.3641,0.3871,0.3591,0.3611,0.5381,0.5151,0.4801,0.4201,0.4611,0.532,0.532,0.405,0.412,0,0
Finland,Billion Kwh,10.115,13.518,12.958,13.445,13.115,12.211,12.266,13.658,13.229,12.9,15.906,18.065,19.909,19.304,18.142,19.416,17.897,20.31858,24.616,21.398,23.296,21.526,19.836,19.134,25.666,23.495,22.472,24.337,27.78,21.795,24.23,24.238,28.604,25.803,26.492,30.726,0,0
Former Czechoslovakia,Billion Kwh,4.8,4.2,3.7,3.9,3.2,4.3,4,4.853,4.355,4.229,3.919,3.119,3.602,0,0,0,0,0,0,0,0,0,0,0,0,0,0,0,0,0,0,0,0,0,0,0,0,0
Former Serbia and Montenegro,Billion Kwh,0,0,0,0,0,0,0,0,0,0,0,0,11.23,10.395,11.016,12.071,14.266,12.636,12.763,13.243,11.88,12.326,11.633,9.752,11.01,11.912,0,0,0,0,0,0,0,0,0,0,0,0
Former U.S.S.R.,Billion Kwh,184.025,184.993,175.46,180.186,203.155,205.046,213.477,217.466,228.512,220.998,230.697,232.679,0,0,0,0,0,0,0,0,0,0,0,0,0,0,0,0,0,0,0,0,0,0,0,0,0,0
Former Yugoslavia,Billion Kwh,27.868,25.044,23.295,21.623,25.645,24.363,27.474,25.98,25.612,23.256,19.601,18.929,0,0,0,0,0,0,0,0,0,0,0,0,0,0,0,0,0,0,0,0,0,0,0,0,0,0
France,Billion Kwh,69.453,71.558,70.3,68.815,65.51,61.648,62.353,70.023,75.252,47.744,54.999,58.674,70.75,66.598,80.551,74.963,67.384,66.451,64.793,75.611,70.682,78.884,65.381,64.375,65.426,57.488,63.406,67.161,75.1,71.17,79.464,66.015,84.544,97.854,93.185,90.94,0,0
French Guiana,Billion Kwh,0,0,0,0,0,0,0,0,0,0,0,0,0,0,0,0,0,0,0,0,0,0.53,0.549,0.571,0.593,0.616,0.639,0.663,0.689,0.708,0.737,0.65,0.556,0.49,0.5,0.49,0,0
French Polynesia,Billion Kwh,0,0,0,0.016,0.024,0.032,0.035,0.035,0.058,0.064,0.069,0.074,0.09,0.094,0.096,0.125,0.133,0.133,0.151,0.087,0.116,0.105,0.131,0.154,0.178,0.177,0.198,0.22,0.209,0.208,0.274,0.224,0.208,0.194,0.218,0.226,0,0
Gabon,Billion Kwh,0.257,0.408,0.482,0.541,0.604,0.66,0.665,0.668,0.669,0.693,0.701,0.708,0.716,0.711,0.748,0.792,0.769,0.808,0.811,0.83,0.802,0.876,0.921,0.898,0.891,0.811,0.943,0.8,0.893,0.944,0.907,0.841,0.911,0.934,0.798,0.921,0,0
"Gambia, The",Billion Kwh,0,0,0,0,0,0,0,0,0,0,0,0,0,0,0,0,0,0,0,0,0,0,0,0,0,0,0,0,0,0,0,0,0,0,0,0,0,0
Georgia,Billion Kwh,0,0,0,0,0,0,0,0,0,0,0,0,6.439,6.536,6.704,5.151,5.94,5.987,6.308,6.378,5.801,5.487,6.699,6.461,5.989,6.174,5.262,6.75,7.09,7.338,9.273,7.811,7.151,8.188,8.252,8.369,0,0
Germany,Billion Kwh,0,0,0,0,0,0,0,0,0,0,0,20.681,23.731,24.572,28.39,30.977,31.808,28.50443,31.408,33.26,41.048,45.519,51.455,52.967,62.9652,64.5422,74.0734,92.8194,98.072,100.284,110.74,129.659,149.47,158.431,169.477,193.735,0,0
"Germany, East",Billion Kwh,1.658,1.718,1.748,1.683,1.748,1.758,1.767,1.726,1.719,1.551,1.389,0,0,0,0,0,0,0,0,0,0,0,0,0,0,0,0,0,0,0,0,0,0,0,0,0,0,0
"Germany, West",Billion Kwh,22.325,22.589,22.394,20.713,20.734,19.654,20.726,22.16,22.428,21.082,20.553,0,0,0,0,0,0,0,0,0,0,0,0,0,0,0,0,0,0,0,0,0,0,0,0,0,0,0
Ghana,Billion Kwh,5.276,5.341,4.941,2.55,1.799,2.996,4.389,4.627,4.811,5.178,5.664,6.075,6.536,6.228,6.033,6.036,6.559,6.782,3.792,5.117,6.544,6.543,4.986,3.846,5.228,5.573,5.563,3.69,6.133,6.808,6.926,7.485,7.99,8.154,8.307,5.79,0,0
Gibraltar,Billion Kwh,0,0,0,0,0,0,0,0,0,0,0,0,0,0,0,0,0,0,0,0,0,0,0,0,0,0,0,0,0,0,0,0,0,0,0,0,0,0
Greece,Billion Kwh,3.396,3.398,3.551,2.331,2.852,2.792,3.222,2.768,2.354,1.888,1.753,3.07,2.326,2.399,2.686,3.632,4.458,3.99218,3.91,4.904,4.27,3.014,3.657,5.985,6.01,6.456,7.645,4.593,5.736,8.15,10.622,8.243,9.322,14.425,12.265,14.646,0,0
Greenland,Billion Kwh,0,0,0,0,0,0,0,0,0,0,0,0,0,0,0,0,0,0,0,0.171,0.171,0.158,0.182,0.18,0.192,0.203,0.196,0.204,0.202,0.265,0.296,0.338,0.345,0.378,0.396,0.423,0,0
Grenada,Billion Kwh,0,0,0,0,0,0,0,0,0,0,0,0,0,0,0,0,0,0,0,0,0,0,0,0,0,0,0,0,0,0,0,0,0,0,0,0,0,0
Guadeloupe,Billion Kwh,0,0,0,0,0,0,0,0,0,0,0.03,0.03,0.03,0.0307,0.0307,0.0307,0.031,0.035,0.04,0.04,0.05,0.05,0.06,0.15,0.15,0.15,0.15,0.15,0.15,0.15,0.14,0.145,0.05,0.057,0.055,0.052,0,0
Guam,Billion Kwh,0,0,0,0,0,0,0,0,0,0,0,0,0,0,0,0,0,0,0,0,0,0,0,0,0,0,0,0,0,0,0,0,0,0,0,0,0,0
Guatemala,Billion Kwh,0.576,0.34,0.476,0.8,0.599,0.671,1.7,1.683,1.83,2.067,2.411,2.456,2.155,2.271,2.408,2.32501,2.29529,2.34957,2.22213,3.05806,3.28278,2.964,2.7515,4.277,4.169,4.318,4.606,4.711,4.794,4.414,5.64,5.874,6.25,6.616,7.31,6.643,0,0
Guinea,Billion Kwh,0.148,0.148,0.148,0.153,0.155,0.161,0.163,0.165,0.168,0.17,0.173,0.176,0.178,0.18,0.182,0.191,0.195,0.285,0.307,0.391,0.406,0.546,0.589,0.396,0.549,0.489,0.456,0.533,0.524,0.517,0.482,0.413,0.49,0.481,0.489,0.5,0,0
Guinea0Bissau,Billion Kwh,0,0,0,0,0,0,0,0,0,0,0,0,0,0,0,0,0,0,0,0,0,0,0,0,0,0,0,0,0,0,0,0,0,0,0,0,0,0
Guyana,Billion Kwh,0.005,0.005,0.005,0.005,0.005,0.005,0.005,0.005,0.005,0.005,0.005,0.005,0.005,0.005,0.005,0.005,0.005,0.005,0.006,0.006,0,0,0,0,0,0,0,0,0,0,0,0,0,0,0,0,0,0
Haiti,Billion Kwh,0.218,0.223,0.247,0.257,0.267,0.293,0.315,0.317,0.317,0.317,0.368,0.345,0.318,0.271,0.231,0.25,0.269,0.198,0.303,0.265,0.28,0.28,0.257,0.252,0.257,0.262,0.268,0.152,0.179,0.205,0.175,0.12,0.219,0.14,0.089,0.082,0,0
Hawaiian Trade Zone,Billion Kwh,0,0,0,0,0,0,0,0,0,0,0,0,0,0,0,0,0,0,0,0,0,0,0,0,0,0,0,0,0,0,0,0,0,0,0,0,0,0
Honduras,Billion Kwh,0.772,0.821,0.846,0.831,0.865,0.866,1.272,1.131,1.739,1.825,2.066,2.098,2.17,2.241,1.8,1.656,2.019,2.064,1.904,2.11,2.238,1.894,1.61,1.76,1.461,1.86,2.191,2.337,2.465,2.937,3.209,3.555,3.788,3.748,3.499,3.767,0,0
Hong Kong,Billion Kwh,0,0,0,0,0,0,0,0,0,0,0,0,0,0,0,0,0,0,0,0,0,0,0,0,0,0,0.001,0.001,0.001,0.001,0.093,0.08,0.091,0.095,0.106,0.106,0,0
Hungary,Billion Kwh,0.111,0.166,0.158,0.153,0.179,0.153,0.152,0.167,0.167,0.156,0.21,0.24,0.247,0.241,0.249,0.264,0.296,0.30884,0.26545,0.299,0.296,0.311,0.264,0.367,0.96,1.94,1.623,2.027,2.469,3.01,3.157,2.821,2.732,2.859,3.227,3.321,0,0
Iceland,Billion Kwh,3.053,3.185,3.607,3.788,3.938,3.867,4.046,4.118,4.369,4.517,4.462,4.445,4.497,4.677,4.73,4.925,5.07,5.52993,6.22,7.123,7.615,7.963,8.34,8.423,8.548,8.611,9.853,11.891,16.341,16.709,16.744,16.849,17.293,17.995,17.802,18.554,0,0
India,Billion Kwh,46.54,49.56,48.31,49.87,53.405,50.508,53.309,46.993,57.291,61.511,70.971,72.086,69.275,69.872,82.1,72.4,69.169,74.957,83.306,82.387,76.755,77.033,72.276,85.464,96.009,115.376,129.826,140.416,138.956,141.831,147.866,172.328,165.453,193.377,195.804,195.242,0,0
Indonesia,Billion Kwh,2.234,2.907,2.708,3.141,3.397,4.217,5.799,5.231,6.689,7.913,7.791,8.156,10.093,9.129,9.303,10.354,11.117,8.278,13.128,12.877,14.791,17.578,16.083,15.317,16.252,17.244,16.217,18.23002,19.7694,20.6281,26.738,21.888,22.367,26.354,26.018,24.797,0,0
Iran,Billion Kwh,5.561,6.164,6.38,6.138,6.268,6.27,6.136,6.336,6.386,6.633,6.022,6.985,9.435,9.725,7.371,7.202,7.326,6.857,6.961,4.906,3.662,5.06,8.034,11.014,10.568,16.01,18.208,17.95,5.149,7.388,9.604,12.2332,12.553,14.837,14.13,14.184,0,0
Iraq,Billion Kwh,0.683,0.683,0.604,0.594,0.604,0.604,0.594,0.604,0.703,0.594,0.604,0.307,0.693,0.594,0.554,0.564,0.564,0.575,0.587,0.599,0.605,0.612,0.512,0.429,0.488,5.94,6.03504,5.67864,3.45015,3.19473,4.71834,3.363,4.348,4.709,2.902,2.546,0,0
Ireland,Billion Kwh,0.833,0.855,0.792,0.776,0.68,0.824,0.91,0.673,0.862,0.684,0.69,0.738,0.814,0.785,0.943,0.737,0.756,0.80222,1.161,1.116,1.177,1.021,1.373,1.132,1.388,1.867,2.468,2.787,3.578,4.1,3.722,5.415,5.299,5.687,6.452,7.923,0,0
Israel,Billion Kwh,0,0,0,0,0,0,0,0.01,0.01,0.003,0.003,0.006,0.029,0.03,0.03,0.025,0.024,0.025,0.025,0.033,0.031,0.02,0.032,0.043,0.039,0.039,0.025,0.024,0.032,0.099,0.17,0.301,0.484,0.571,0.921,1.214,0,0
Italy,Billion Kwh,48.797,46.182,44.516,44.16,45.223,43.616,44.126,42.75,44.005,36.847,34.641,45.225,45.432,44.901,47.93,41.251,46.031,46.04697,46.501,51.557,50.957,54.634,48.724,44.619,54.864,49.557,51.901,49.083,59.446,70.536,78.06,84.164,93.251,112.918,121.543,109.962,0,0
Jamaica,Billion Kwh,0.119,0.124,0.134,0.148,0.081,0.076,0.115,0.119,0.099,0.126,0.207,0.166,0.2,0.215,0.241,0.218,0.228,0.239,0.215,0.217,0.217,0.144,0.124,0.147,0.201,0.236,0.256,0.247,0.258,0.323,0.33,0.379,0.433,0.392,0.404,0.422,0,0
Japan,Billion Kwh,88.884,87.877,90.498,94.339,84.984,94.511,93.315,88.333,106.226,108.133,100.674,109.139,94.622,107.366,80.264,97.105,96.72481,107.43,110.189,104.703,105.397,102.78,102.552,116.767,117.178,104.274,116.049,103.949,102.497,103.151,122.887,126.571,121.74,133.005,152.032,169.66,0,0
Jordan,Billion Kwh,0,0,0,0,0,0,0.003,0.019,0.027,0.017,0.019,0.008,0.016,0.023,0.015,0.019,0.023,0.02,0.016,0.017,0.042,0.046,0.06,0.05,0.061,0.064,0.059,0.072,0.073,0.068,0.072,0.065,0.069,0.063,0.065,0.183,0,0
Kazakhstan,Billion Kwh,0,0,0,0,0,0,0,0,0,0,0,0,6.797,7.553,9.087,8.248,7.258,6.434,6.08,6.071,7.456,8,8.801,8.539,7.976,7.777,7.691,8.09,7.386,6.811,7.943,7.805,7.564,7.66,8.194,9.358,0,0
Kenya,Billion Kwh,1.149,1.467,1.482,1.763,1.875,2.163,2.218,2.394,2.799,2.943,3.03863,3.246,3.254,3.45507,3.42,3.643,3.835,3.714,3.753,2.916,2.057,3.175,3.79,4.33,4.191,4.316,4.574,4.8,4.137,3.734,5.084,5.164,6.08,6.133,7.535,8.435,0,0
Kiribati,Billion Kwh,0,0,0,0,0,0,0,0,0,0,0,0,0,0,0,0,0,0,0,0,0,0,0,0,0,0,0,0,0,0,0,0,0,0,0,0,0,0
"Korea, North",Billion Kwh,10.494,10.652,10.811,10.969,11.128,12.177,12.87,13.464,14.85,14.85,15.444,14.85,14.058,13.167,13.662,14.058,12.375,10.593,10.098,10.197,10.098,10.494,10.514,11.603,12.375,13.001,12.494,13.147,13.927,12.375,13.266,13.068,13.365,13.761,12.87,9.9,0,0
"Korea, South",Billion Kwh,1.539,2.257,1.56,2.272,1.978,3.153,3.078,3.925,1.967,2.934,4.638,3.452,3.068,4.188,2.32554,2.9844,2.80576,2.86787,4.301,4.225,4.085,4.238,3.454,5.133,4.712,4.075,4.05,4.614,4.344,4.659,6.328,7.957,7.544,9.217,9.059,10.878,0,0
Kosovo,Billion Kwh,0,0,0,0,0,0,0,0,0,0,0,0,0,0,0,0,0,0,0,0,0,0,0,0,0,0,0,0,0.075,0.119,0.154,0.104,0.095,0.142,0.149,0.139,0,0
Kuwait,Billion Kwh,0,0,0,0,0,0,0,0,0,0,0,0,0,0,0,0,0,0,0,0,0,0,0,0,0,0,0,0,0,0,0,0,0,0,0,0,0,0
Kyrgyzstan,Billion Kwh,0,0,0,0,0,0,0,0,0,0,0,0,9.195,8.994,11.607,11.007,12.132,10.825,9.844,12.021,13.546,12.306,10.679,13.381,13.953,12.66,12.347,12.609,10.023,10.115,10.997,13.998,14.037,12.996,13.165,10.989,0,0
Laos,Billion Kwh,0.92,1.089,1.138,1.019,0.94,0.857,0.819,0.531,0.487,0.661,0.817,0.876,0.858,0.867,0.853,1.042,1.194,1.164,1.802,2.324,3.277,3.297,3.212,2.832,2.998,3.135,3.241,3.336,3.642,3.347,5.66,8.7,8.55,10.39,10.23,11.06,0,0
Latvia,Billion Kwh,0,0,0,0,0,0,0,0,0,0,0,0,2.498,2.846,3.272,2.908,1.842,2.924,2.992,2.731,2.795,2.811,2.459,2.315,3.165,3.381,2.759,2.801,3.181,3.521,3.603,3.046,4.078,3.459,2.761,2.757,0,0
Lebanon,Billion Kwh,0.841,0.841,0.643,0.554,0.579,0.579,0.554,0.604,0.594,0.495,0.297,0.495,0.545,0.713,0.809,0.71,0.79,0.892,0.777,0.329,0.445,0.33,0.671,1.349,1.109,1.036,0.688,0.579,0.369,0.616,0.831,0.797,0.998,1.26,0.197,0.48,0,0
Lesotho,Billion Kwh,0,0,0,0,0,0,0,0,0,0,0,0,0,0,0,0,0,0,0,0.195,0.288,0.285,0.314,0.325,0.297,0.459,0.525,0.554,0.584,0.648,0.694,0.49,0.486,0.515,0.52,0.6,0,0
Liberia,Billion Kwh,0.331,0.314,0.328,0.32,0.223,0.259,0.315,0.316,0.321,0.311,0,0,0,0,0,0,0,0,0,0,0,0,0,0,0,0,0,0,0,0,0,0,0,0,0,0,0,0
Libya,Billion Kwh,0,0,0,0,0,0,0,0,0,0,0,0,0,0,0,0,0,0,0,0,0,0,0,0,0,0,0,0,0,0,0,0,0,0,0,0,0,0
Lithuania,Billion Kwh,0,0,0,0,0,0,0,0,0,0,0,0,0.308,0.389,0.447,0.369,0.323,0.291,0.413,0.409,0.336,0.324,0.354,0.33,0.424,0.455193,0.431,0.577,0.598,0.68,0.906,1.112,1.179,1.544,1.548,1.733,0,0
Luxembourg,Billion Kwh,0.086,0.095,0.084,0.083,0.088,0.071,0.084,0.101,0.097,0.072,0.104,0.121,0.101,0.106,0.158,0.14,0.101,0.131,0.17,0.155,0.202,0.20095,0.18395,0.168,0.228,0.239,0.28,0.304,0.282,0.266,0.309,0.311,0.364,0.424,0.45,0.493,0,0
Macau,Billion Kwh,0,0,0,0,0,0,0,0,0,0,0,0,0,0,0,0,0,0,0,0,0,0,0,0,0,0,0,0,0,0,0,0,0,0,0,0,0,0
Macedonia,Billion Kwh,0,0,0,0,0,0,0,0,0,0,0,0,0.817,0.517,0.696,0.793,0.842,0.891,1.072,1.375,1.158,0.62,0.749,1.36,1.467,1.477,1.634,1,0.832,1.257,2.407,1.42,1.034,1.577,1.279,1.986,0,0
Madagascar,Billion Kwh,0.146,0.152,0.226,0.245,0.252,0.255,0.266,0.286,0.3,0.314,0.338,0.332,0.342,0.344,0.347,0.369,0.421,0.45,0.5,0.515,0.54,0.528,0.535,0.604,0.634,0.641,0.631,0.712,0.692,0.734,0.705,0.691,0.756,0.811,0.881,0.901,0,0
Malawi,Billion Kwh,0.388,0.379,0.405,0.443,0.464,0.47,0.506,0.558,0.563,0.566,0.697,0.743,0.768,0.771,0.811,0.832,0.846,0.866,0.995,0.962,1.023,1.045,1.093,1.139,1.259,1.307,1.339,1.367,1.521,1.488,1.735,1.8,1.85,1.917,1.92,2.1,0,0
Malaysia,Billion Kwh,1.398,1.578,1.29,1.684,3.397,3.776,4.032,4.861,5.607,5.183,3.948,4.363,4.316,4.823,6.458,6.156,5.132,3.831,4.803,7.445,7.34,6.371,5.248,5.693,5.769,5.139,6.378,6.433,7.396,8.067,7.427,8.623,9.839,11.769,14.185,14.806,0,0
Maldives,Billion Kwh,0,0,0,0,0,0,0,0,0,0,0,0,0,0,0,0,0,0,0,0,0,0,0,0,0,1.00E-05,3.00E-05,3.00E-05,3.00E-05,3.00E-05,0.0001,0.0002,0,0,0,0,0,0
Mali,Billion Kwh,0.083,0.082,0.105,0.122,0.133,0.133,0.158,0.16,0.166,0.168,0.181,0.182,0.208,0.218,0.22,0.223,0.21,0.227,0.23,0.23,0.233,0.234,0.236,0.234,0.248,0.447,0.479,0.471,0.572,1.089,1.092,1.195,1.263,1.167,0.963,1.175,0,0
Malta,Billion Kwh,0,0,0,0,0,0,0,0,0,0,0,0,0,0,0,0,0,0,0,0,0,0,0,0,0,0,0,0,0,0.001,0.002,0.01,0.029,0.036,0.077,0.097,0,0
Martinique,Billion Kwh,0,0,0,0,0,0,0,0,0,0,0,0,0,0,0,0,0,0,0,0,0,0,0,0,0,0.002,0.002,0.002,0.002,0.002,0.001,0.001,0.002,0.002,0.002,0.002,0,0
Mauritania,Billion Kwh,0.025,0.03,0.038,0.039,0.036,0.031,0.018,0.025,0.025,0.025,0.025,0.025,0.026,0.026,0.028,0.028,0.028,0.03,0.028,0.03,0.032,0.034,0.034,0.041,0.044,0.049,0.051,0.054,0.06,0.11,0.116,0.13,0.136,0.201,0.211,0.302,0,0
Mauritius,Billion Kwh,0.082,0.059,0.093,0.035,0.065,0.114,0.109,0.139,0.099,0.147,0.084,0.074,0.112,0.103,0.075,0.134,0.102,0.092,0.104,0.31,0.505,0.52,0.515,0.547,0.5714,0.5434,0.49627,0.52342,0.5934,0.607,0.653,0.551,0.578,0.594,0.595,0.68,0,0
Mexico,Billion Kwh,17.634,25.262,23.986,21.92,24.758,27.568,23.217,22.543,25.674,29.098,28.369,28.566,33.825,34.194,27.787,35.732,38.58,33.16269,31.815,39.712,40.401,36.319,32.605,28.444,34.075,37.783,39.176,37.041,46.828,34.425,45.128,44.526,42.004,39.08,52.253,47.095,0,0
Moldova,Billion Kwh,0,0,0,0,0,0,0,0,0,0,0,0,0.255,0.371,0.275,0.321,0.362,0.378,0.387,0.363,0.392,0.359,0.348,0.358,0.35,0.359,0.365,0.354,0.385,0.354,0.403,0.348,0.266,0.31,0.329,0.324,0,0
Mongolia,Billion Kwh,0,0,0,0,0,0,0,0,0,0,0,0,0,0,0,0,0,0,0,0,0,0,0,0.000112483,0.000412483,0.000412483,0.000412483,0.000412483,0.0024,0.0024,0.0024,0.0044,0.001,0.09,0.17,0.17,0,0
Montenegro,Billion Kwh,0,0,0,0,0,0,0,0,0,0,0,0,0,0,0,0,0,0,0,0,0,0,0,0,0,0,1.733,1.271,1.524,2.05,2.723,1.192,1.462,2.479,1.734,1.476,0,0
Montserrat,Billion Kwh,0,0,0,0,0,0,0,0,0,0,0,0,0,0,0,0,0,0,0,0,0,0,0,0,0,0,0,0,0,0,0,0,0,0,0,0,0,0
Morocco,Billion Kwh,1.487,1.031,0.576,0.476,0.362,0.465,0.625,0.825,0.926,1.145,1.184,1.234,0.954,0.439,0.831,0.605,1.937,2.062,1.759,0.817,0.775,1.068,1.0361,1.6441,1.7911,1.1751,1.1711,1.1851,1.2181,2.9331,4.0921,2.6761,2.343,4.035,3.541,4.392,0,0
Mozambique,Billion Kwh,13.409,3.315,2.959,5.01,0.552,0.149,0.038,0.024,0.049,0.05,0.281,0.32,0.322,0.341,0.362,0.375,0.445,0.967,1.487,7.606,9.555,11.723,12.547,10.761,11.551,13.131,14.57,15.902,14.963,16.781,16.481,16.642,14.994,14.401,16.013,17.035,0,0
Namibia,Billion Kwh,0,0,0,0,0,0,0,0,0,0,0,0,0,0,0,1.12,0.845,0.604,0.982,1.157,1.366,1.356,1.446,1.497,1.586,1.641,1.59,1.56,1.476,1.395,1.235,1.39,1.591,1.259,1.47,1.487,0,0
Nauru,Billion Kwh,0,0,0,0,0,0,0,0,0,0,0,0,0,0,0,0,0,0,0,0,0,0,0,0,0,0,0,0,0,0,0,0,0,0,0,0,0,0
Nepal,Billion Kwh,0.176,0.208,0.206,0.314,0.335,0.332,0.432,0.543,0.557,0.536,0.877,0.901,0.83,0.865,0.924,1.147,1.169,1.051,1.12,1.397,1.616,1.831,2.098,2.24,2.378,2.492,2.708,2.764,2.786,3.083,3.19,3.475,3.518,3.497,3.783,3.493,0,0
Netherlands,Billion Kwh,1,1,0.3,0.2,0,0.403,0.503,0.701,0.802,0.937,1.233,1.347,1.416,1.601,1.803,2.004,2.674,3.03108,3.434,3.705,4.181,4.507,5.206,5.326,6.629,8.871,9.468,9.092,10.995,12.347,12.761,14.055,14.27,13.881,13.334,15.329,0,0
Netherlands Antilles,Billion Kwh,0,0,0,0,0,0,0,0,0,0,0,0,0,0.001,0.007,0.007,0.007,0.007,0.007,0.007,0.03,0.03,0.03,0.03,0.03,0.03,0.03,0.03,0.03,0.06,0.06,0.06,0.2,0.2,0.2,0.2,0,0
New Caledonia,Billion Kwh,0.276,0.268,0.408,0.278,0.397,0.479,0.398,0.254,0.527,0.516,0.456,0.34,0.342,0.342,0.376,0.42,0.39,0.36,0.393,0.467,0.445,0.37,0.325,0.325,0.333028391,0.356,0.315,0.426,0.483,0.432,0.319,0.427,0.45,0.506,0.342,0.404,0,0
New Zealand,Billion Kwh,20.983,20.883,19.52,21.055,21.774,21.01,23.363,23.567,24.749,24.144,25.738,25.702,23.211,26.043,28.338,29.693,28.3673,26.346,27.298,26.594,27.818,24.933,28.025,26.675,30.274,27.368,27.879,28.452,27.937,30.917,32.268,33.211,31.212,31.518,33.781,34.689,0,0
Nicaragua,Billion Kwh,0.506,0.491,0.421,0.349,0.533,0.561,0.465,0.598,0.591,0.938,0.785,0.792,0.722,0.884,0.739,0.713,0.718,0.626,0.45,0.524,0.375,0.435,0.606,0.695,0.703,0.9,0.806,0.786,1.18947,1.064,1.346,1.295,1.722,2.175,2.393,2.291,0,0
Niger,Billion Kwh,0,0,0,0,0,0,0,0,0,0,0,0,0,0,0,0,0,0,0,0,0,0,0,0,0,0,0,0,0,0,0,0,0,0.004,0.004,0.004,0,0
Nigeria,Billion Kwh,2.724,2.291,2.394,1.856,2.569,2.978,3.594,3.251,3.968,4.099,4.343,5.871,5.998,5.516,5.506,5.445,5.445,5.537,5.717,6.088,5.686,5.85,8.152,7.374,8.027,7.69,6.2,6.165,5.664,4.484,6.312,5.826,5.604,5.275,5.296,5.664,0,0
Niue,Billion Kwh,0,0,0,0,0,0,0,0,0,0,0,0,0,0,0,0,0,0,0,0,0,0,0,0,0,0,0,0,0,0,0,0,0,0,0,0,0,0
Northern Mariana Islands,Billion Kwh,0,0,0,0,0,0,0,0,0,0,0,0,0,0,0,0,0,0,0,0,0,0,0,0,0,0,0,0,0,0,0,0,0,0,0,0,0,0
Norway,Billion Kwh,82.717,91.876,91.507,104.704,104.895,101.464,95.321,102.341,107.919,117.369,120.175,109.269,115.76385,118.313,110.713,120.648,103.173,108.964,114.863,120.574,140.727,119.627,128.479,105.08,108.404,135.222,119.28,133.684,139.051,125.309,117.606,121.573,143.267,129.927,137.496,140.24,0,0
Oman,Billion Kwh,0,0,0,0,0,0,0,0,0,0,0,0,0,0,0,0,0,0,0,0,0,0,0,0,0,0,0,0,0,0,0,0,0,0,0,0,0,0
Pakistan,Billion Kwh,8.627,8.953,9.423,11.251,12.698,12.114,13.66,15.098,16.516,16.797,16.756,18.12,20.901,19.242,22.629,22.974,20.649,21.839,22.225,19.095,17.022,18.752,22.127,26.675,25.414,30.553,31.633,28.42,27.506,27.822,31.503,28.25,29.558,31.954,32.949,34.504,0,0
Palestinian Territories,Billion Kwh,0,0,0,0,0,0,0,0,0,0,0,0,0,0,0,0,0,0,0,0,0,0,0,0,0,0,0,0,0,0,0,0,0,0,0,0,0,0
Panama,Billion Kwh,0.953,1.42,1.263,0.957,1.576,1.909,2.174,2.011,2.277,2.158,2.247,2.056,1.918,2.314,2.395,2.409,2.991,2.895,2.142,3.123,3.408,2.497,3.385,2.816,3.765,3.71,3.616,3.705,3.949,3.883,4.174,4.08,5.36,5.137,5.136,6.668,0,0
Papua New Guinea,Billion Kwh,0.312,0.307,0.301,0.381,0.406,0.416,0.452,0.433,0.44,0.45,0.455,0.455,0.455,0.455,0.46,0.862,0.934,0.703,0.859,0.91,0.921,0.921,0.921,0.97,0.936,1.182,1.154,1.254,1.246,1.245,1.25,1.36,0.973,0.985,0.9,0.86,0,0
Paraguay,Billion Kwh,0.669,0.701,0.64,0.751,0.849,4.025,11.862,18.446,19.873,24.208,27.204,29.368,27.157,31.127,36.048,41.702,44.858,50.343,50.362,51.444,52.957,44.864,47.73,51.253,51.412,50.654,53.246,53.188,54.909,54.409,53.524,57.049,59.63,59.774,54.723,55.19,0,0
Peru,Billion Kwh,7.112,7.997,8.601,8.311,8.771,9.586,10.258,11.009,10.518,10.49,10.504,11.506,9.819,11.786,12.747,12.841,13.328,13.225,13.792,14.529,16.16505,17.60105,18.05405,18.55405,17.51105,18.26005,19.88205,19.80505,19.41805,19.87705,20.51605,22.04705,21.869,23.247,23.728,25.206,0,0
Philippines,Billion Kwh,5.485,6.301,7.134,6.837,9.437,10.211,10.284,9.535,10.812,11.52,11.466,10.852,9.909,10.611,12.207,12.305,13.494,13.209,13.947,18.356,19.347,17.475,17.205,17.612,18.789,18.224,20.3590188,18.752,20.529109,20.078691,17.744,19.75,20.657,20.387,19.722,20.875,0,0
Poland,Billion Kwh,2.726,2.516,1.928,2.158,1.894,2.333,2.034,1.944,2.075,1.793,1.661,1.849,1.916,1.838,2.073,2.233,2.316,2.546,2.887,2.643,2.642,3.082,3.208,2.519,3.383,4.063,4.507,5.637,6.585,8.655,10.914,13.133,16.854,17.018,19.778,22.61,0,0
Portugal,Billion Kwh,8.173,5.234,7.12,8.297,10.009,11.012,8.964,9.605,12.637,6.32,9.76,9.767,5.491,9.37,11.536,9.307,15.644,14.10095,14.023,8.655,13.012,15.856,9.916,17.824,12.483,8.518,15.918,16.403,14.86,18.506,28.381,24.236,19.475,29.548,31.559,24.477,0,0
Puerto Rico,Billion Kwh,0.204,0.124,0.104,0.11,0.135,0.183,0.223,0.257,0.272,0.272,0.136705,0.119057,0.135115,0.120329,0.067443,0.086924,0.135025,0.101929,0.103225,0.15871,0.152,0.133,0.114,0.103,0.141,0.1382843,0.142,0.164,0.156,0.174,0.154,0.212,0.228,0.377,0.421,0.44,0,0
Qatar,Billion Kwh,0,0,0,0,0,0,0,0,0,0,0,0,0,0,0,0,0,0,0,0,0,0,0,0,0,0,0,0,0,0,0,0,0,0,0,0,0,0
Reunion,Billion Kwh,0.302,0.37,0.422,0.428,0.404,0.483,0.497,0.524,0.418,0.492,0.544,0.456,0.49,0.493,0.493,0.497,0.6,0.639,0.751,0.753,0.754,0.756,0.769,0.772,0.779,0.784,0.785,0.866,0.646,0.556,0.566,0.422,0.505,0.571,0.441,0.516,0,0
Romania,Billion Kwh,12.506,12.605,11.731,9.934,11.208,11.772,10.688,11.084,13.479,12.497,10.872,14.107,11.64,12.709,12.916,16.529,15.597,17.345,18.701,18.107,14.63,14.774,15.886,13.129,16.352,20.012,18.176,15.844,17.052,15.399,20.103,16.171,14.805,19.999,26.943,26.031,0,0
Russia,Billion Kwh,0,0,0,0,0,0,0,0,0,0,0,0,172.006,173.449,174.868,175.266,153.379,156.579,158.461,160.992,165.034,175.122,163.558,156.345,176.283,174.005,174.827,177.767,166.129,175.552,168.101,167.49,167.758,182.71,177.332,170.077,0,0
Rwanda,Billion Kwh,0.111,0.103,0.133,0.151,0.161,0.162,0.149,0.164,0.167,0.171,0.165,0.163,0.17,0.153,0.156,0.158,0.14,0.16,0.16,0.127,0.11,0.088,0.097,0.116,0.083,0.065,0.038,0.0422,0.0682,0.0982,0.1102,0.1302,0.135,0.238,0.25,0.3,0,0
Saint Helena,Billion Kwh,0,0,0,0,0,0,0,0,0,0,0,0,0,0,0,0,0,0,0,0,0,0,0,0,0,0,0,0,0,0,0,0,0,0,0,0,0,0
Saint Kitts and Nevis,Billion Kwh,0,0,0,0,0,0,0,0,0,0,0,0,0,0,0,0,0,0,0,0,0,0,0,0,0,0,0,0,0,0,0.006,0.005,0.008,0.008,0.008,0.008,0,0
Saint Lucia,Billion Kwh,0,0,0,0,0,0,0,0,0,0,0,0,0,0,0,0,0,0,0,0,0,0,0,0,0,0,0,0,0,0,0,0,0,0,0,0,0,0
Saint Pierre and Miquelon,Billion Kwh,0,0,0,0,0,0,0,0,0,0,0,0,0,0,0,0,0,0,0,0,0,0,0,0,0,0,0,0,0,0,0.002,0.002,0.002,0.002,0.002,0.002,0,0
Saint Vincent/Grenadines,Billion Kwh,0.017,0.017,0.018,0.018,0.022,0.026,0.028,0.031,0.035,0.036,0.024,0.013,0.02,0.023,0.021,0.021,0.021,0.021,0.022,0.022,0.025,0.019,0.022,0.021,0.027,0.026,0.022961,0.02248664,0.023436,0.023,0.026,0.025,0.025,0.024,0.024,0.025,0,0
Samoa,Billion Kwh,0.007,0.007,0.012,0.012,0.016,0.017,0.02,0.018,0.018,0.02,0.02,0.02,0.025,0.025,0.025,0.026,0.03,0.033,0.038,0.043,0.035,0.048,0.062,0.054,0.05,0.05,0.051,0.0522,0.0532,0.0542,0.0532,0.0552,0.037,0.04,0.042,0.042,0,0
Sao Tome and Principe,Billion Kwh,0.007,0.007,0.008,0.006,0.008,0.008,0.007,0.008,0.008,0.008,0.008,0.008,0.008,0.008,0.008,0.008,0.008,0.008,0.007,0.009,0.01,0.004,0.006,0.007,0.006,0.004,0.008,0.01,0.008,0.007,0.005,0.006,0.006,0.006,0.006,0.006,0,0
Saudi Arabia,Billion Kwh,0,0,0,0,0,0,0,0,0,0,0,0,0,0,0,0,0,0,0,0,0,0,0,0,0,0,0,0,0,0,0,0,0.001,0.001,0.001,0.001,0,0
Senegal,Billion Kwh,0,0,0,0,0,0,0,0,0,0,0.044,0.044,0.044,0.045,0.045,0.046,0.047,0.048,0.049,0.05,0.053,0.062,0.262,0.39,0.335,0.319,0.286,0.219,0.27,0.29,0.327,0.334,0.336,0.368,0.384,0.409,0,0
Serbia,Billion Kwh,0,0,0,0,0,0,0,0,0,0,0,0,0,0,0,0,0,0,0,0,0,0,0,0,0,0,10.855,9.937,9.468,10.436,11.772,8.58,9.2,10.127,10.926,10.018,0,0
Seychelles,Billion Kwh,0,0,0,0,0,0,0,0,0,0,0,0,0,0,0,0,0,0,0,0,0,0,0,0,0,0,0,0,0,0,0,0,0,0.007,0.007,0.007,0,0
Sierra Leone,Billion Kwh,0,0,0,0,0,0,0,0,0,0,0,0,0,0,0,0,0,0,0,0,0.015,0.015,0.016,0.016,0.016,0.018,0.004,0.018,0.095,0.087,0.123,0.15,0.116,0.104,0.116,0.11,0,0
Singapore,Billion Kwh,0,0,0,0,0,0,0,0,0,0,0.17,0.49,0.49,0.49,0.49,0.49,0.49,0.49,0.49,0.49,0.49,0.946,0.946,0.99,0.958,0.918,0.954,0.974,1.048,1.064,1.179,1.213,1.263,1.374,1.451,1.551,0,0
Slovakia,Billion Kwh,0,0,0,0,0,0,0,0,0,0,0,0,0,3.434,4.311,4.831,4.185,4.026,4.236,4.46,4.601,5.038,5.373,3.5602,4.1,4.654,4.784,4.913,4.542,4.8832,5.893,4.458,5.083,5.858,5.807,5.901,0,0
Slovenia,Billion Kwh,0,0,0,0,0,0,0,0,0,0,0,0,3.379,2.974,3.348,3.187,3.616,3.046,3.4,3.715,3.841,3.813,3.367,3.044,4.159,3.546,3.672,3.351,4.271,4.862,4.688,3.832,4.276,5.05,6.537,4.305,0,0
Solomon Islands,Billion Kwh,0,0,0,0,0,0,0,0,0,0,0,0,0,0,0,0,0,0,0,0,0,0,0,0,0,0,0,0,0,0,0,0,0,0,0,0,0,0
Somalia,Billion Kwh,0,0,0,0,0,0,0,0,0,0,0,0,0,0,0,0,0,0,0,0,0,0,0,0.01,0,0,0,0,0,0,0,0,0.004,0.004,0.004,0.005,0,0
South Africa,Billion Kwh,0.992,1.656,1.016,0.595,0.56,0.624,1.623,1.617,3.162,2.759,1.01,1.98,0.752,0.146,1.074,0.529,1.379,2.238,1.826,0.923,1.65,2.368,2.669,1.089,1.256,1.637,3.19,1.183,1.521,1.72,2.43,2.387,1.558,1.537,3.22,5.553,0,0
Spain,Billion Kwh,29.46,22.04,26.49,27.196,31.588,31.495,26.605,27.516,35.36,19.646,25.852,27.704,19.553,24.964,28.9,24.49,41.296,37.273,37.198,27.857,36.119,49.364,34.932,56.273,50.736,42.53,52.49,58.747,62.691,74.577,96.559,86.566,85.772,110.232,109.1,95.66,0,0
Sri Lanka,Billion Kwh,1.464,1.556,1.591,1.204,2.069,2.37,2.617,2.154,2.57,2.773,3.114,3.085,2.871,3.758,4.048,4.407,3.219,3.413,3.876,4.131,3.176,3.09,2.68,3.277,2.946,3.434,3.868,3.927,4.115,3.908,5.681,4.714,3.444,7.13,4.837,6.327,0,0
Sudan,Billion Kwh,0.495,0.739,0.764,0.764,0.75,0.914,0.914,0.916,0.918,0.926,1.458,1.538,1.588,1.59,1.62,1.472,1.573,1.553,1.543,1.708,1.681,1.765,1.784,1.661,1.606,1.758,1.866,1.946,1.448,3.196,6.14,6.402,6.553,8.232,8.824,8.336,0,0
Suriname,Billion Kwh,0.883,0.825,1.051,0.714,0.846,0.962,0.756,0.323,0.485,1.087,1.171,1.393,1.437,1.45,1.463,1.279,1.281,1.289,1.294,1.311,0.71,0.725,0.741,0.752,0.764,0.821,0.862,0.862,0.863,0.863,1.198,1.171,1.235,1.296,1.345,1.342,0,0
Swaziland,Billion Kwh,0.126,0.129,0.094,0.065,0.129,0.185,0.151,0.183,0.194,0.217,0.152,0.202,0.202,0.202,0.202,0.208,0.208,0.21,0.208,0.203,0.195,0.19,0.201,0.122,0.102,0.157,0.154,0.171,0.157,0.202,0.242,0.28,0.272,0.24,0.302,0.231,0,0
Sweden,Billion Kwh,58.833,59.906,55.369,64.201,68.906,71.795,62.034,72.85,71.016,73.111,73.789,64.537,75.692,76.19,60.864,69.945,53.5596,71.404,77.61,74.215,82.598,82.774,70.745,58.522,68.373,81.37,71.45,77.586,81.603,79.894,83.187,84.994,98.868,83.33,86.329,103.067,0,0
Switzerland,Billion Kwh,32.681,35.53,36.374,35.469,30.271,32.031,32.976,34.828,35.937,29.977,30.302,32.587,33.299,36.337,39.732,35.912,29.639,35.09557,34.648,41.245,38.226,42.742,36.764,36.393,35.421,33.05,33.021,37.244,38.118,37.812,38.26,34.837,41.347,41.534,41.605,41.922,0,0
Syria,Billion Kwh,2.534,2.63,2.929,2.774,3.292,3.309,2.831,2.831,2.788,2.744,2.701,2.657,2.614,2.57,2.526,2.485,2.525,2.574,2.673,2.693,3.199,3.376,2.426,2.73,4.133,4.282,3.906,3.443,2.84,1.847,2.566,3.25,3.205,2.97,2.317,0.409,0,0
Taiwan,Billion Kwh,2.905,4.77,4.758,4.967,4.41,5.941,6.069,5.454,4.626,4.814,6.68,4.267,7.012,4.529,5.561,5.491,5.556,5.924,7.03,6.2,6.2231,7.2613,5.5753,5.9295,6.2036,7.038,7.425,8.219,8.357,7.92,8.852,9.153,10.715,10.914,10.063,10.563,0,0
Tajikistan,Billion Kwh,0,0,0,0,0,0,0,0,0,0,0,0,15.769,16.947,16.524,14.45,14.677,13.576,14.008,15.273,13.774,14.064,15.012,16.173,16.176,16.797,16.534,16.943,16.642,15.741,16.236,16.038,16.731,16.9,16.149,16.731,0,0
Tanzania,Billion Kwh,0.987,1.019,1.028,1.064,1.094,1.114,1.069,1.162,1.233,1.431,1.534,1.709,1.634,1.681,1.478,1.524,1.731,1.435,2.057,2.143,2.121,2.576,2.693,2.524,2.333,1.76,1.422,2.499,2.623,2.614,2.699,2.007,1.781,1.736,2.604,2.129,0,0
Thailand,Billion Kwh,1.26,2.943,3.797,3.622,4.039,3.654,5.496,4.033,3.74,5.515,4.927,4.542,4.198,3.664,4.47,6.935,8.13,7.473,5.4464,4.3683,6.4773,6.7343,8.0843,8.3793,7.2623,7.2708,9.5069,9.818,9.656,10.164,8.895,12.473,13.912,14.05,14.637,15.134,0,0
Timor0Leste (East Timor),Billion Kwh,0,0,0,0,0,0,0,0,0,0,0,0,0,0,0,0,0,0,0,0,0,0,0,0,0,0,0,0,0,0,0,0,0,0,0,0,0,0
Togo,Billion Kwh,0.038,0.038,0.057,0.019,0.038,0.076,0.076,0.076,0.076,0.095,0.095,0.193,0.128,0.23,0.148,0.255,0.19,0.093,0.172,0.203,0.099,0.05,0.086,0.123,0.0819,0.0749,0.0928,0.1005,0.092,0.113,0.096,0.11,0.093,0.075,0.124,0.06,0,0
Tonga,Billion Kwh,0,0,0,0,0,0,0,0,0,0,0,0,0,0,0,0,0,0,0,0,0,0,0,0,0,0,0,0,0,0,0,0,0,0,0,0,0,0
Trinidad and Tobago,Billion Kwh,0,0,0,0,0,0,0,0,0,0,0.031,0.025,0.03,0.028,0.032,0.033,0.017,0.018,0.018,0.018,0.02,0.029,0.026,0.012,0.023,0.022,0.026,0.019,0.02,0.019,0,0,0,0,0,0,0,0
Tunisia,Billion Kwh,0.023,0.029,0.039,0.03,0.066,0.108,0.051,0.112,0.047,0.034,0.044,0.104,0.064,0.063,0.04,0.041,0.07,0.072,0.075,0.094,0.086,0.077,0.093,0.197,0.196,0.186,0.129,0.092,0.069,0.175,0.19,0.166,0.31,0.429,0.59,0.558,0,0
Turkey,Billion Kwh,11.259,12.408,13.81,11.13,13.19,11.822,11.637,18.314,28.447,17.61,22.997,22.575,26.419,33.745,30.41,35.494,40.33,39.79484,42.13771,34.565,30.899,24.152,33.673,35.243,45.878,39.44,44.176,36.217,34.165,37.869,55.355,56.929,63.995,67.908,51.478,81.911,0,0
Turkmenistan,Billion Kwh,0,0,0,0,0,0,0,0,0,0,0,0,0.004,0.005,0.004,0.004,0.005,0.005,0.006,0.005,0.005,0.003,0.003,0.003,0.003,0.003,0.003,0.003,0.003,0.003,0.003,0.003,0.003,0.003,0.003,0.003,0,0
Turks and Caicos Islands,Billion Kwh,0,0,0,0,0,0,0,0,0,0,0,0,0,0,0,0,0,0,0,0,0,0,0,0,0,0,0,0,0,0,0,0,0,0,0,0,0,0
U.S. Pacific Islands,Billion Kwh,0,0,0,0,0,0.016,0.03,0.03,0.03,0.03,0.03,0.03,0,0,0,0,0,0,0,0,0,0,0,0,0,0,0,0,0,0,0,0,0,0,0,0,0,0
U.S. Territories,Billion Kwh,0,0,0,0,0,0,0,0,0,0,0,0,0,0,0,0,0,0,0,0,0,0,0,0,0,0,0,0,0,0,0,0,0,0,0,0,0,0
Uganda,Billion Kwh,0.633,0.513,0.555,0.513,0.612,0.628,0.64,0.612,0.581,0.678,0.761,0.768,0.973,0.958,0.997,1.035,1.107,1.24,1.255,1.258,1.551,1.546,1.668,1.752,1.888,1.839,1.2405572,1.478,1.631,1.396,1.61,1.69,1.73,1.95,2.535,2.615,0,0
Ukraine,Billion Kwh,0,0,0,0,0,0,0,0,0,0,0,0,7.725,10.929,11.997,9.853,8.546,9.757,15.759,14.18,11.167,11.928,9.553,9.177,11.668,12.277,12.792,10.087,11.706,11.999,13.26,11.091,11.126,14.974,10.083,7.048,0,0
United Arab Emirates,Billion Kwh,0,0,0,0,0,0,0,0,0,0,0,0,0,0,0,0,0,0,0,0,0,0,0,0,0,0,0,0,0,0.01,0.02,0.034,0.035,0.102,0.302,0.297,0,0
United Kingdom,Billion Kwh,3.921,4.369,4.543,4.548,3.992,4.08,4.767,6.33,6.215,6.132,5.806,5.321,6.407,5.819,7.255,7.235,6.068,7.387,9.181,10.121,10.438,12.028,13.945,13.438,16.263,19.443,20.45,21.451,23.543,26.964,27.236,36.272,43.084,55.222,67.064,87.083,0,0
United States,Billion Kwh,284.688332,269.898656,317.537797,341.747236,332.94431,295.024402,305.494105,265.112124,238.075997,325.081977,356.870985,357.301688,326.458185,356.244838,336.174254,384.301312,422.436462,433.124946,399.921594,398.463949,355.985196,299.093276,356.4100796,368.8036146,365.1418785,369.9214179,398.2386021,364.3668227,392.7357388,429.6519524,440.2312366,527.4900005,508.3605847,535.6613508,563.2732431,572.4081606,642.0115858,724.4732405
Uruguay,Billion Kwh,2.249,2.52,2.421,7.115,7.033,6.384,7.217,7.186,5.364,3.861,6.997,6.108,7.908,7.284,7.45,5.84,5.751,6.452,9.105,5.492,7.016,9.141,9.481,8.484,4.769,6.657,3.61,8.125,5.296,6.042,9.547,7.386,6.489,9.343,11.709,12.086,0,0
Uzbekistan,Billion Kwh,0,0,0,0,0,0,0,0,0,0,0,0,6.218,7.284,7.084,6.126,6.46,5.719,5.7,5.626,5.817,5.899,6.124,7.544,8.92,8.544,9.068,6.336,11.246,9.237,10.738,10.138,11.098,11.444,11.712,11.7,0,0
Vanuatu,Billion Kwh,0,0,0,0,0,0,0,0,0,0,0,0,0,0,0,0,0,0,0,0,0,0,0,0,0,0,0,0,0,0,0.005,0.004,0.005,0.005,0.005,0.005,0,0
Venezuela,Billion Kwh,14.438,14.933,15.834,18.308,19.46,21.825,24.907,30.535,33.861,34.319,36.613,44.088,46.789,46.994,50.761,50.926,53.306,56.695,57.376,59.949,62.198,59.845,58.94,59.927,69.374,76.457,80.784,82.228,85.973,85.102,76.012,82.833,81.238,82.8,86.412,74.24,0,0
Vietnam,Billion Kwh,1.188,1.287,1.337,1.386,1.46,1.51,1.584,1.658,1.767,3.758,5.331,6.264,7.156,7.866,9.123,10.476,11.888,11.54,10.984,13.636,14.405,18.028,18.016,18.796,17.489,20.904,20.269,22.371,25.782,29.753,27.38,40.658,52.411,51.58,59.389,55.742,0,0
"Virgin Islands,  U.S.",Billion Kwh,0,0,0,0,0,0,0,0,0,0,0,0,0,0,0,0,0,0,0,0,0,0,0,0,0,0,0,0,0,0,0,0,0,0,0,0,0,0
"Virgin Islands, British",Billion Kwh,0,0,0,0,0,0,0,0,0,0,0,0,0,0,0,0,0,0,0,0,0,0,0,0,0,0,0,0,0,0,0.001,0.001,0.001,0.001,0.001,0.001,0,0
Wake Island,Billion Kwh,0,0,0,0,0,0,0,0,0,0,0,0,0,0,0,0,0,0,0,0,0,0,0,0,0,0,0,0,0,0,0,0,0,0,0,0,0,0
Western Sahara,Billion Kwh,0,0,0,0,0,0,0,0,0,0,0,0,0,0,0,0,0,0,0,0,0,0,0,0,0,0,0,0,0,0,0,0,0,0,0,0,0,0
Yemen,Billion Kwh,0,0,0,0,0,0,0,0,0,0,0,0,0,0,0,0,0,0,0,0,0,0,0,0,0,0,0,0,0,0,0,0,0,0,0,0,0,0
Zambia,Billion Kwh,9.01,9.676,9.913,9.93,9.783,9.852,9.695,8.353,8.291,6.702,7.731,7.715,7.663,7.666,7.668,7.792,7.043,7.807,7.464,7.635,7.673,7.814,8.021,8.174,8.375,8.794,9.572,9.535,9.427,9.782,10.331,11.368,12.227,13.148,13.902,12.905,0,0
Zimbabwe,Billion Kwh,3.966,4.072,3.568,3.695,3.422,3.065,3.122,2.48,2.659,3.369,3.752,3.527,2.88,1.766,1.628,1.814,2.141,2.102,1.861,2.92,3.227,2.968,3.786,5.305,5.466,4.866,5.257,5.329,5.73,5.46,5.835,5.28,5.504,5.112,5.521,5.069,0,0
